mph,wh_mi_factor
2.5,1.435975446
7.5,1.252653024
12.5,1.152371252
17.5,1.035082396
22.5,0.952447407
27.5,0.929755405
32.5,0.953249563
37.5,0.995732494
42.5,1.037245858
47.5,1.098571736
52.5,1.159856089
57.5,1.18870426
62.5,1.283088977
